,,,,Overall,,,,,,,PP,,SH,,Defense,
Player Name,Team,Pos,Games,G,A,Pts,+/-,PIM,SOG,GWG,G,A,G,A,Hits,BS
Justin Abdelkader,DET,LW,75,13,22,35,-11,78,110,0,4,5,0,0,174,40
Pontus Aberg,TOR,LW,53,4,12,16,9,10,70,3,0,1,0,0,24,8
Noel Acciari,FLA,C,60,10,1,11,-6,9,66,0,0,0,1,0,152,41
Kenny Agostino,TOR,LW,5,0,1,1,-1,4,11,0,0,1,0,0,4,1
Sebastian Aho,CAR,LW,78,29,36,65,4,24,200,4,8,8,0,0,65,17
Sebastian Aho,NYI,D,22,1,3,4,-5,6,24,0,1,0,0,0,10,14
Mark Alt,COL,D,15,0,0,0,-1,2,11,0,0,0,0,0,17,18
Karl Alzner,MON,D,82,1,11,12,-7,40,84,0,0,0,0,1,141,144
Michael Amadio,LA,C,37,4,4,8,-2,8,28,0,1,2,0,0,18,9
Josh Anderson,CLS,RW,63,19,11,30,-1,42,188,5,1,3,0,0,109,24
Lias Andersson,NYR,LW,7,1,1,2,1,0,5,0,0,0,0,0,9,3
Rasmus Andersson,CGY,D,10,0,0,0,-1,4,8,0,0,0,0,0,2,10
Andy Andreoff,PHI,C,45,3,6,9,-6,50,47,2,0,0,0,0,77,11
Sven Andrighetto,FA,RW,50,8,14,22,-15,10,111,2,3,6,0,0,38,18
Artem Anisimov,OTT,C,72,20,11,31,-17,22,130,6,11,1,1,0,15,40
Victor Antipin,FA,D,47,0,10,10,-9,18,40,0,0,1,0,0,14,41
Darren Archibald,TOR,RW,27,4,5,9,-1,14,28,0,0,0,1,0,80,14
Josh Archibald,EDM,RW,42,5,6,11,-2,25,42,0,0,0,0,0,86,16
Joel Armia,MON,RW,79,12,17,29,3,22,128,2,0,4,1,1,86,39
Viktor Arvidsson,NSH,LW,78,29,32,61,20,36,247,6,3,5,3,0,30,52
Zach Aston-Reese,PIT,C,16,4,2,6,2,2,20,1,0,0,0,0,55,6
Andreas Athanasiou,DET,C,71,16,17,33,-15,16,170,2,1,2,0,0,24,28
Cam Atkinson,CLS,RW,65,24,22,46,19,14,231,5,3,7,1,0,32,29
Justin Auger,FA,RW,2,0,0,0,-1,0,1,0,0,0,0,0,2,2
Yohann Auvitu,FA,D,33,3,6,9,4,8,69,0,0,0,0,0,18,26
David Backes,BOS,RW,57,14,19,33,2,53,160,1,2,4,0,1,137,25
Mikael Backlund,CGY,C,82,14,31,45,-21,78,214,2,3,8,1,2,54,40
Nicklas Backstrom,WAS,C,81,21,50,71,5,46,165,4,7,19,0,0,37,51
Sven Baertschi,VAN,LW,53,14,15,29,3,20,82,2,7,2,0,0,19,29
Josh Bailey,NYI,LW,76,18,53,71,-20,17,151,3,5,26,0,0,12,33
Justin Bailey,VAN,RW,12,3,1,4,-2,2,19,0,0,0,0,0,19,9
Chase Balisy,FA,C,8,0,0,0,-2,0,6,0,0,0,0,0,4,2
Nicholas Baptiste,FA,RW,33,4,2,6,-4,14,45,1,0,1,0,0,16,3
Ivan Barbashev,STL,LW,53,7,6,13,-1,4,45,1,0,0,0,0,70,25
Mark Barberio,COL,D,46,3,10,13,6,31,52,1,0,1,1,1,26,62
Aleksander Barkov,FLA,C,79,27,51,78,9,14,256,3,5,12,5,0,30,67
Tyson Barrie,TOR,D,68,14,43,57,-15,22,178,3,7,23,0,0,40,79
Matt Bartkowski,MIN,D,18,0,3,3,-3,4,21,0,0,0,0,0,31,13
Mathew Barzal,NYI,C,82,22,63,85,1,30,170,4,5,22,0,0,21,31
Jay Beagle,VAN,C,79,7,15,22,3,16,65,2,0,0,1,0,69,44
Ethan Bear,EDM,D,18,1,3,4,-11,10,20,0,1,1,0,0,14,28
Francois Beauchemin,FA,D,67,3,14,17,12,26,93,0,0,2,0,1,102,121
Nathan Beaulieu,WPG,D,59,1,8,9,-19,36,67,0,0,1,0,0,45,65
Anthony Beauvillier,NYI,LW,71,21,15,36,2,16,132,2,3,5,0,0,80,29
Matt Beleskey,NYR,LW,15,0,0,0,-9,21,17,0,0,0,0,0,34,5
Pierre-Edouard Bellemare,COL,C,72,6,10,16,5,14,92,1,0,0,0,0,41,63
Louis Belpedio,MIN,D,1,0,2,2,1,0,0,0,0,0,0,0,1,1
Jamie Benn,DAL,C,82,36,43,79,20,54,241,7,9,13,1,1,140,62
Jordie Benn,VAN,D,77,4,11,15,-2,34,106,0,0,0,0,0,90,153
Beau Bennett,ARI,RW,6,0,0,0,-2,0,6,0,0,0,0,0,9,1
Sam Bennett,CGY,LW,82,11,15,26,-18,59,157,1,1,2,0,0,140,34
Matt Benning,EDM,D,73,6,15,21,5,49,111,2,0,2,0,1,149,82
Patrice Bergeron,BOS,C,64,30,33,63,21,26,224,6,10,11,2,1,48,42
Patrik Berglund,FA,C,57,17,9,26,-5,30,112,4,3,3,1,0,111,36
Steve Bernier,FA,RW,4,0,0,0,-2,0,4,0,0,0,0,0,11,1
Christoph Bertschy,FA,C,1,0,0,0,1,4,0,0,0,0,0,0,0,0
Tyler Bertuzzi,DET,LW,48,7,17,24,-7,39,83,1,1,1,0,0,53,38
Alex Biega,VAN,D,44,1,8,9,3,32,79,1,0,0,0,1,126,53
Kevin Bieksa,FA,D,59,0,8,8,-13,83,66,0,0,2,0,0,116,81
Chris Bigras,PHI,D,15,0,1,1,-2,2,8,0,0,0,0,0,12,15
Anthony Bitetto,WPG,D,32,1,2,3,-1,27,25,1,0,0,0,0,40,31
Anders Bjork,BOS,C,30,4,8,12,2,6,30,0,2,1,0,0,19,11
Oliver Bjorkstrand,CLS,RW,82,11,29,40,4,9,163,2,3,6,0,0,64,43
Nick Bjugstad,PIT,C,82,19,30,49,5,41,230,1,1,6,0,0,95,19
Samuel Blais,STL,LW,11,1,2,3,1,6,9,0,1,0,0,0,15,2
Joseph Blandisi,PIT,C,3,0,0,0,2,2,4,0,0,0,0,0,2,2
Anton Blidh,BOS,LW,1,0,0,0,0,0,0,0,0,0,0,0,3,0
Michael Blunden,FA,RW,1,0,0,0,0,0,1,0,0,0,0,0,6,0
Mikkel Boedker,OTT,LW,74,15,22,37,0,12,119,4,4,4,0,0,41,24
Brock Boeser,VAN,RW,62,29,26,55,-5,16,179,4,10,13,0,0,29,24
Zach Bogosian,BUF,D,18,0,1,1,-9,20,29,0,0,0,0,0,22,23
Jared Boll,FA,RW,10,1,0,1,0,16,4,0,0,0,0,0,9,0
Nick Bonino,NSH,C,71,12,13,25,4,20,83,0,0,0,0,0,18,72
David Booth,FA,LW,28,4,1,5,-5,10,33,0,0,1,0,0,23,7
Andreas Borgman,STL,D,48,3,8,11,4,28,46,0,0,0,0,0,121,36
Henrik Borgstrom,FLA,C,4,1,0,1,-1,0,6,0,0,0,0,0,1,1
Mark Borowiecki,OTT,D,52,3,8,11,-6,64,66,0,0,0,0,0,226,81
Robert Bortuzzo,STL,D,72,4,9,13,11,41,76,1,0,0,0,0,121,108
Reid Boucher,VAN,RW,20,3,2,5,-12,0,37,1,1,1,0,0,13,3
Lance Bouma,LA,C,53,3,6,9,1,36,56,1,0,1,0,0,132,27
Michael Bournival,FA,C,5,0,0,0,0,0,5,0,0,0,0,0,8,5
Gabriel Bourque,WPG,LW,58,5,6,11,-6,12,44,1,0,0,0,0,123,59
Jay Bouwmeester,STL,D,35,2,5,7,5,16,45,0,0,0,0,0,29,58
Madison Bowey,DET,D,51,0,12,12,-3,24,47,0,0,0,0,0,48,42
Johnny Boychuk,NYI,D,58,6,12,18,-8,30,141,3,2,0,0,0,114,112
Travis Boyd,WAS,C,8,0,1,1,2,2,2,0,0,0,0,0,2,1
Brian Boyle,FA,C,69,13,10,23,-9,45,120,2,5,2,0,0,126,26
Tyler Bozak,STL,C,81,11,32,43,6,28,154,2,3,10,0,0,43,28
Derick Brassard,NYI,C,72,21,25,46,0,34,197,3,5,1,0,0,96,25
Jesper Bratt,NJ,LW,74,13,22,35,-16,18,100,2,4,8,1,1,44,22
Justin Braun,PHI,D,81,5,28,33,7,28,115,0,0,0,0,0,143,152
Connor Brickley,FA,C,44,4,8,12,-6,19,62,2,0,0,0,0,82,28
Daniel Brickley,LA,D,1,0,1,1,1,0,0,0,0,0,0,0,1,1
Alex Broadhurst,FA,C,2,0,0,0,0,2,1,0,0,0,0,0,0,0
T.J. Brodie,CGY,D,73,4,28,32,-16,18,118,0,1,10,0,0,24,99
Jonas Brodin,MIN,D,73,6,15,21,23,30,77,1,0,3,0,0,34,139
Kyle Brodziak,FA,C,81,10,23,33,13,33,113,2,0,0,1,2,83,55
Jonny Brodzinski,SJ,RW,35,4,2,6,4,6,53,1,0,0,0,0,35,9
Troy Brouwer,FLA,RW,76,6,16,22,-7,53,79,0,0,5,0,1,125,42
Connor Brown,OTT,RW,82,14,14,28,0,18,119,2,1,1,1,0,23,28
Dustin Brown,LA,RW,81,28,33,61,31,58,222,6,9,6,1,0,189,33
J.T. Brown,MIN,RW,47,2,5,7,-5,24,40,1,0,0,0,0,71,23
Logan Brown,OTT,C,4,0,1,1,0,0,4,0,0,0,0,0,1,1
Pavel Buchnevich,NYR,LW,74,14,29,43,-3,20,136,4,5,12,0,0,51,35
Andre Burakovsky,COL,LW,56,12,13,25,3,27,84,5,2,2,0,0,40,26
Erik Burgdoerfer,WAS,D,2,0,1,1,2,0,2,0,0,0,0,0,5,2
Alex Burmistrov,FA,C,24,2,4,6,-5,12,18,0,1,1,0,0,20,4
Brent Burns,SJ,D,82,12,55,67,-16,46,332,2,5,22,0,1,79,136
Alex Burrows,FA,RW,71,6,8,14,-8,59,90,2,2,1,0,0,65,32
Will Butcher,NJ,D,81,5,39,44,1,8,88,1,3,20,0,0,21,62
Chris Butler,FA,D,6,0,0,0,1,2,2,0,0,0,0,0,3,3
Dustin Byfuglien,WPG,D,69,8,37,45,15,112,193,1,4,18,0,1,147,100
Paul Byron,MON,C,82,20,15,35,-4,23,115,1,2,2,1,1,137,55
Drake Caggiula,CHI,LW,67,13,7,20,-13,37,104,1,3,0,1,0,147,33
Ryan Callahan,OTT,RW,67,5,13,18,-4,29,104,0,1,1,1,1,138,40
Matt Calvert,COL,LW,69,9,15,24,-10,33,108,0,1,0,2,0,61,35
Michael Cammalleri,FA,LW,66,7,22,29,-3,18,128,0,3,1,0,0,43,32
Kyle Capobianco,ARI,D,1,0,0,0,-1,0,0,0,0,0,0,0,3,1
Paul Carey,BOS,RW,60,7,7,14,-13,20,51,1,1,0,1,0,67,22
Brandon Carlo,BOS,D,76,0,6,6,10,45,76,0,0,0,0,1,89,84
John Carlson,WAS,D,82,15,53,68,0,32,237,4,4,28,0,0,47,146
Gabriel Carlsson,CLS,D,14,0,2,2,0,4,18,0,0,0,0,0,10,10
Ryan Carpenter,CHI,C,52,9,6,15,1,11,85,2,0,0,1,0,76,17
Daniel Carr,NSH,LW,38,6,10,16,2,8,52,0,2,1,0,0,30,16
Connor Carrick,NJ,D,47,4,8,12,5,27,55,3,1,1,0,0,42,53
Trevor Carrick,SJ,D,1,0,0,0,0,2,1,0,0,0,0,0,0,0
William Carrier,VGK,LW,37,1,2,3,-3,19,52,0,0,0,0,0,113,10
Jeff Carter,LA,C,27,13,9,22,4,2,85,2,6,3,1,0,27,11
Daniel Catenacci,FA,LW,1,0,0,0,-1,0,1,0,0,0,0,0,1,1
Colby Cave,EDM,C,3,0,0,0,0,2,2,0,0,0,0,0,3,2
Cody Ceci,TOR,D,82,5,14,19,-27,12,143,1,0,5,0,0,163,171
Peter Cehlarik,BOS,C,6,1,1,2,2,2,3,0,0,0,0,0,3,3
Thomas Chabot,OTT,D,63,9,16,25,-12,14,94,0,0,8,0,0,44,64
Michael Chaput,ARI,C,9,0,0,0,-4,5,2,0,0,0,0,0,16,2
Zdeno Chara,BOS,D,73,7,17,24,22,60,144,3,0,0,0,1,141,118
Ben Chiarot,MON,D,57,2,12,14,15,32,57,0,0,0,0,0,105,75
Alex Chiasson,EDM,RW,61,9,9,18,1,26,59,2,1,0,1,2,57,29
Jason Chimera,FA,LW,74,3,10,13,-12,37,79,0,0,0,0,0,132,17
Filip Chlapik,OTT,C,20,1,3,4,-5,4,21,0,0,1,0,0,19,14
Taylor Chorney,FA,D,25,1,3,4,10,8,14,0,0,0,0,1,21,31
Jakob Chychrun,ARI,D,50,4,10,14,2,16,102,1,2,2,0,0,74,72
Filip Chytil,NYR,C,9,1,2,3,-5,4,21,0,0,0,0,0,3,1
Anthony Cirelli,TB,C,18,5,6,11,11,6,26,0,0,0,0,1,17,6
Casey Cizikas,NYI,C,64,7,10,17,-12,23,74,0,0,0,1,0,128,53
Fredrik Claesson,CAR,D,64,1,6,7,-7,35,60,0,0,0,0,0,158,84
Adam Clendening,CLS,D,5,0,2,2,-1,2,4,0,0,0,0,0,2,6
Kyle Clifford,LA,LW,50,6,4,10,-4,48,81,0,0,0,0,0,127,8
Cal Clutterbuck,NYI,RW,76,8,10,18,-7,53,101,1,0,0,1,0,226,53
Braydon Coburn,TB,D,72,1,14,15,3,40,73,0,0,0,0,0,77,75
Andrew Cogliano,DAL,LW,80,12,23,35,18,41,175,1,0,0,3,1,80,31
Ian Cole,COL,D,67,5,15,20,14,76,84,0,0,1,0,0,95,116
Blake Coleman,NJ,C,79,13,12,25,7,50,146,2,0,0,3,0,216,57
Michael Dal Colle,NYI,LW,4,0,0,0,0,0,1,0,0,0,0,0,1,1
Blake Comeau,DAL,LW,79,13,21,34,5,50,123,3,0,0,3,0,145,38
J.T. Compher,COL,C,69,13,10,23,-29,20,131,3,4,3,2,0,45,65
Cory Conacher,TB,LW,36,8,4,12,0,24,45,2,1,0,0,0,32,14
Kevin Connauton,COL,D,73,11,10,21,3,20,102,3,0,0,0,0,116,72
Brett Connolly,FLA,RW,70,15,12,27,-6,30,67,2,4,1,0,0,72,24
Kyle Connor,WPG,LW,76,31,26,57,8,16,192,7,7,4,0,0,18,26
Andrew Copp,WPG,C,82,9,19,28,17,14,96,0,0,0,2,1,99,51
Frank Corrado,TOR,D,5,0,0,0,-1,2,6,0,0,0,0,0,5,6
Nick Cousins,MON,C,71,12,7,19,-7,31,119,1,1,0,0,0,117,39
Logan Couture,SJ,C,78,34,27,61,-2,18,204,4,10,11,2,1,33,72
Sean Couturier,PHI,C,82,31,45,76,34,31,227,6,7,7,0,0,74,44
Charlie Coyle,BOS,RW,66,11,26,37,8,18,117,1,0,3,1,0,76,63
Adam Cracknell,FA,C,5,0,0,0,-1,0,6,0,0,0,0,0,12,1
Andrew Crescenzi,FA,C,2,0,0,0,0,2,0,0,0,0,0,0,4,0
Kyle Criscuolo,PHI,C,9,0,0,0,-4,4,5,0,0,0,0,0,13,3
Sidney Crosby,PIT,C,82,29,60,89,0,46,247,6,9,29,0,0,75,36
Lawson Crouse,ARI,LW,11,1,0,1,-6,7,13,0,0,0,0,0,29,6
Matt Cullen,FA,C,79,11,11,22,-1,20,104,1,0,1,0,0,14,42
Austin Czarnik,CGY,C,10,0,4,4,-1,0,7,0,0,1,0,0,4,0
Evgenii Dadonov,FLA,RW,74,28,37,65,10,8,188,6,6,7,0,0,27,33
Klas Dahlbeck,FA,D,33,1,4,5,-6,21,43,0,0,0,0,0,74,34
Carl Dahlstrom,CHI,D,11,0,3,3,-2,0,12,0,0,0,0,0,6,9
Trevor Daley,DET,D,77,9,7,16,-5,36,103,4,0,0,1,2,24,125
Zac Dalpe,CLS,C,12,0,0,0,-3,13,18,0,0,0,0,0,6,4
Phillip Danault,MON,C,52,8,17,25,0,34,94,2,0,2,1,0,59,38
Marko Dano,CLS,C,23,2,1,3,-2,6,22,2,0,0,0,0,26,7
Laurent Dauphin,NSH,C,2,0,0,0,-1,2,1,0,0,0,0,0,1,2
Brandon Davidson,CGY,D,51,4,3,7,-13,23,63,0,0,0,0,1,105,89
Jean-Sebastien Dea,BUF,C,5,1,0,1,1,2,1,1,0,0,0,0,9,1
Anthony DeAngelo,NYR,D,32,0,8,8,-18,11,68,0,0,6,0,0,31,42
Alex DeBrincat,CHI,RW,82,28,24,52,6,6,181,1,6,6,0,0,40,25
Jake DeBrusk,BOS,LW,70,16,27,43,13,19,143,5,2,7,0,0,70,26
Danny DeKeyser,DET,D,65,6,6,12,2,28,65,0,0,0,0,0,76,125
Dylan DeMelo,OTT,D,63,0,20,20,-1,34,67,0,0,3,0,0,75,70
Jason Demers,ARI,D,69,6,14,20,-4,37,95,2,0,3,0,0,66,79
Travis Dermott,TOR,D,37,1,12,13,16,8,54,0,0,0,0,0,48,36
David Desharnais,FA,C,71,6,22,28,-22,18,55,0,2,5,0,0,22,36
Nicolas Deslauriers,ANH,LW,58,10,4,14,7,55,77,1,0,0,0,1,238,30
Jason Dickinson,DAL,C,27,0,2,2,-2,17,16,0,0,0,0,0,45,5
Chris DiDomenico,FA,C,24,6,4,10,-4,8,23,0,2,2,0,0,21,14
Brenden Dillon,SJ,D,81,5,17,22,-7,60,88,0,0,0,0,0,197,107
Christian Djoos,WAS,D,63,3,11,14,13,10,60,0,0,0,0,0,22,55
Max Domi,MON,C,82,9,36,45,-7,73,150,0,1,8,0,0,49,28
Ryan Donato,MIN,C,12,5,4,9,2,2,24,0,2,2,0,0,6,2
Joonas Donskoi,COL,RW,66,14,18,32,10,26,129,2,1,4,0,0,28,28
Derek Dorsett,FA,RW,20,7,2,9,-1,74,26,1,0,0,2,0,39,14
Jake Dotchin,STL,D,48,3,8,11,17,38,48,0,0,0,0,1,95,61
Drew Doughty,LA,D,82,10,50,60,23,54,205,4,3,17,1,0,127,128
Nic Dowd,WAS,C,56,3,1,4,-10,28,51,1,1,0,0,0,81,30
Leon Draisaitl,EDM,C,78,25,45,70,-7,30,194,1,6,5,3,1,40,24
Jonathan Drouin,MON,C,77,13,33,46,-28,30,164,4,4,18,0,0,55,27
Brandon Dubinsky,CLS,C,62,6,10,16,-2,33,89,0,0,1,1,1,145,47
Pierre-Luc Dubois,CLS,LW,82,20,28,48,8,49,165,4,6,9,0,0,127,46
Matt Duchene,NSH,C,82,27,32,59,-22,18,190,3,9,4,0,0,60,49
Anthony Duclair,OTT,LW,56,11,12,23,-5,16,97,2,3,0,0,0,46,26
Mathew Dumba,MIN,D,82,14,36,50,15,41,176,4,2,10,0,1,136,112
Gabriel Dumont,MIN,C,30,1,1,2,1,6,38,0,0,0,0,0,62,16
Brian Dumoulin,PIT,D,80,5,13,18,-5,30,102,1,0,0,0,0,101,132
Vince Dunn,STL,D,75,5,19,24,1,20,138,1,2,7,0,0,29,59
Christian Dvorak,ARI,LW,78,15,22,37,-19,22,151,2,2,5,0,0,92,48
Ryan Dzingel,CAR,C,79,23,18,41,-17,35,136,2,4,4,0,0,60,19
Cody Eakin,VGK,C,80,11,16,27,-6,22,107,2,0,0,1,2,63,45
Patrick Eaves,ANH,RW,2,1,0,1,0,0,3,1,0,0,0,0,5,1
Jordan Eberle,NYI,RW,81,25,34,59,5,21,183,7,3,7,0,0,46,30
Alexander Edler,VAN,D,70,6,28,34,-18,68,172,2,1,14,0,0,157,203
Joel Edmundson,STL,D,69,7,10,17,-1,57,124,0,0,0,0,0,116,150
Nikolaj Ehlers,WPG,LW,82,29,31,60,14,26,231,7,7,6,0,0,39,27
Jack Eichel,BUF,C,67,25,39,64,-25,32,246,4,3,17,0,2,52,35
Victor Ejdsell,FA,C,6,0,1,1,-1,0,7,0,0,0,0,0,6,6
Joel Eriksson Ek,MIN,C,75,6,10,16,2,22,124,0,0,0,0,0,134,46
Aaron Ekblad,FLA,D,82,16,22,38,9,71,189,4,5,6,0,0,69,121
Mattias Ekholm,NSH,D,81,10,24,34,25,46,135,1,5,8,1,0,75,117
Oliver Ekman-Larsson,ARI,D,82,14,28,42,-28,44,202,3,6,9,0,0,160,79
Remi Elie,BUF,LW,72,6,8,14,5,18,70,1,0,0,0,0,101,20
Lars Eller,WAS,C,81,18,20,38,-6,38,161,2,3,3,0,0,71,69
Ryan Ellis,NSH,D,44,9,23,32,26,6,110,2,2,3,0,3,27,84
Alexei Emelin,FA,D,76,1,8,9,9,40,59,0,0,0,0,0,181,109
Deryk Engelland,VGK,D,79,5,18,23,6,24,108,0,0,0,0,0,126,150
Andreas Englund,OTT,D,1,0,0,0,1,0,0,0,0,0,0,0,3,2
Tyler Ennis,OTT,LW,73,8,14,22,-1,12,115,3,2,1,0,0,51,33
Toby Enstrom,FA,D,43,1,5,6,8,20,31,0,0,0,0,0,20,51
Jonathan Ericsson,DET,D,81,3,10,13,-7,47,86,0,0,0,0,1,133,84
Loui Eriksson,VAN,RW,50,10,13,23,0,4,101,0,0,3,1,1,7,30
Adam Erne,DET,LW,23,3,1,4,-1,11,29,1,0,0,0,0,37,8
Radek Faksa,DAL,C,79,17,16,33,21,36,118,3,0,0,2,0,101,56
Justin Falk,FA,D,46,1,1,2,-16,28,36,0,0,0,0,1,121,62
Oscar Fantenberg,VAN,D,27,2,7,9,2,11,33,0,0,4,0,0,43,17
Hudson Fasching,ARI,RW,5,0,0,0,-1,2,1,0,0,0,0,0,7,2
Jesper Fast,NYR,RW,71,13,20,33,-10,26,80,0,0,0,0,2,130,44
Justin Faulk,CAR,D,76,8,23,31,-26,48,211,3,3,16,0,0,128,90
Taylor Fedun,DAL,D,7,0,1,1,-1,2,8,0,0,0,0,0,4,10
Eric Fehr,FA,RW,18,3,1,4,6,2,27,0,0,0,0,0,24,14
Micheal Ferland,VAN,LW,77,21,20,41,5,24,144,0,6,0,0,0,171,30
Landon Ferraro,VAN,RW,2,1,0,1,1,0,3,0,0,0,0,0,1,0
Kevin Fiala,MIN,LW,80,23,25,48,20,26,187,4,4,9,0,0,34,27
Valtteri Filppula,DET,C,81,11,22,33,-7,20,70,4,3,1,0,2,25,55
Giovanni Fiore,ARI,LW,1,0,0,0,-1,0,0,0,0,0,0,0,0,0
Christian Fischer,ARI,RW,79,15,18,33,-17,14,154,3,5,3,0,0,109,23
Mike Fisher,FA,C,16,2,2,4,0,8,14,1,0,0,0,0,25,14
Haydn Fleury,CAR,D,67,0,8,8,-2,14,86,0,0,0,0,0,85,94
Warren Foegele,CAR,LW,2,2,1,3,3,0,6,0,0,0,0,0,5,1
Steven Fogarty,NYR,C,1,0,0,0,0,2,1,0,0,0,0,0,2,0
Marcus Foligno,MIN,LW,77,8,15,23,2,72,79,2,1,1,0,0,185,44
Nick Foligno,CLS,LW,72,15,18,33,1,50,137,1,2,2,0,0,182,60
Christian Folin,MON,D,65,3,10,13,1,30,58,0,0,0,0,1,167,106
Spencer Foo,FA,RW,4,2,0,2,1,0,16,0,0,0,0,0,6,3
Derek Forbort,LA,D,78,1,17,18,18,49,78,0,0,0,0,0,142,156
Alex Formenton,OTT,LW,1,0,0,0,0,0,0,0,0,0,0,0,1,1
Filip Forsberg,NSH,RW,67,26,38,64,27,38,179,6,13,8,0,1,86,37
Gustav Forsling,CAR,D,41,3,10,13,-2,8,82,1,1,3,0,1,26,56
Cam Fowler,ANH,D,67,8,24,32,3,28,122,1,1,9,1,1,21,108
Cody Franson,FA,D,23,1,6,7,-1,8,51,0,0,4,0,0,18,18
Tanner Fritz,NYI,LW,34,3,4,7,-3,8,27,0,0,0,0,0,59,26
Martin Frk,LA,RW,68,11,14,25,-14,14,99,0,5,4,0,0,77,10
Byron Froese,CGY,C,48,3,8,11,0,26,49,0,0,0,0,0,54,42
Michael Frolik,CGY,LW,70,10,15,25,-19,26,167,1,0,0,2,0,48,35
Marian Gaborik,OTT,RW,46,11,10,21,2,24,80,0,3,3,0,0,12,9
Sam Gagner,EDM,C,74,10,21,31,-18,35,164,2,3,8,0,0,54,28
Alex Galchenyuk,PIT,RW,82,19,32,51,-31,22,213,2,9,15,0,0,33,37
Brendan Gallagher,MON,RW,82,31,23,54,-13,34,278,4,8,9,1,0,90,41
Dylan Gambrell,SJ,C,3,0,0,0,-1,0,1,0,0,0,0,0,0,2
Jake Gardiner,CAR,D,82,5,47,52,9,32,133,0,1,14,0,0,51,103
Jason Garrison,FA,D,8,0,1,1,-2,4,7,0,0,0,0,0,7,23
Adam Gaudette,VAN,C,5,0,0,0,2,0,9,0,0,0,0,0,2,3
Frederick Gaudreau,NSH,C,20,0,3,3,0,2,14,0,0,0,0,0,8,8
Johnny Gaudreau,CGY,LW,80,24,60,84,2,26,227,4,3,21,0,0,16,18
Brendan Gaunce,BOS,C,37,4,2,6,0,10,55,1,1,0,0,0,48,11
Frederik Gauthier,TOR,C,9,1,0,1,-4,0,12,0,0,0,0,0,12,5
Nathan Gerbe,CLS,LW,2,0,0,0,-1,0,1,0,0,0,0,0,4,0
Shane Gersich,WAS,C,3,0,1,1,-1,0,4,0,0,0,0,0,0,2
Ryan Getzlaf,ANH,C,56,11,50,61,20,42,117,0,0,13,1,1,96,57
Brian Gibbons,CAR,C,59,12,14,26,10,20,72,3,0,0,3,2,35,58
John Gilmour,BUF,D,28,2,3,5,-11,14,61,1,1,0,0,0,27,27
Brian Gionta,FA,RW,20,2,5,7,-1,2,42,1,1,2,0,0,17,6
Mark Giordano,CGY,D,82,13,25,38,0,63,214,4,1,9,1,0,93,161
Samuel Girard,COL,D,73,4,19,23,-11,8,84,0,1,12,0,0,46,69
Dan Girardi,FA,D,77,6,12,18,18,27,93,1,1,0,0,1,133,155
Zemgus Girgensons,BUF,C,71,7,8,15,-12,26,113,0,0,0,2,0,134,32
Claude Giroux,PHI,C,82,34,68,102,28,20,193,1,9,27,0,0,30,23
Phil Di Giuseppe,NYR,LW,49,5,8,13,0,17,64,1,0,0,0,0,88,14
Tanner Glass,FA,LW,16,0,0,0,-4,19,14,0,0,0,0,0,35,7
Luke Glendening,DET,RW,69,11,8,19,-14,17,88,2,1,0,2,1,137,83
Nikolay Goldobin,VAN,RW,38,8,6,14,-14,6,50,0,2,0,0,0,12,7
Alex Goligoski,ARI,D,78,12,23,35,-31,26,119,3,3,8,0,0,114,154
Barclay Goodrow,SJ,LW,47,7,7,14,1,28,57,1,0,0,1,0,68,30
Josh Gorges,FA,D,34,0,2,2,-4,17,15,0,0,0,0,0,69,54
Shayne Gostisbehere,PHI,D,78,13,52,65,10,25,221,2,7,26,0,0,53,116
Tyrell Goulbourne,VGK,LW,9,0,0,0,-2,2,2,0,0,0,0,0,15,2
Yanni Gourde,TB,LW,82,25,39,64,34,50,136,5,7,6,1,1,57,42
Michael Grabner,ARI,RW,80,27,9,36,11,16,167,3,0,1,2,1,68,37
Markus Granlund,EDM,C,53,8,4,12,-10,8,93,1,2,1,2,0,47,12
Mikael Granlund,NSH,C,77,21,46,67,13,18,193,2,7,12,1,2,47,45
Derek Grant,ANH,C,66,12,12,24,3,11,65,0,3,0,0,1,63,39
Tyler Graovac,VAN,C,5,0,0,0,-3,2,1,0,0,0,0,0,5,1
Kevin Gravel,TOR,D,16,0,3,3,-3,2,20,0,0,1,0,0,16,15
Mike Green,DET,D,66,8,25,33,-14,38,132,0,1,12,0,0,78,74
Andy Greene,NJ,D,81,3,10,13,-9,21,93,0,0,0,0,0,84,188
Jordan Greenway,MIN,LW,6,0,1,1,0,0,4,0,0,0,0,0,5,3
A.J. Greer,COL,LW,17,0,3,3,2,29,13,0,0,0,0,0,30,5
Seth Griffith,WPG,RW,21,2,1,3,-6,6,15,0,0,1,0,0,10,4
Rocco Grimaldi,NSH,C,6,1,2,3,0,0,7,0,0,0,0,0,3,5
Eric Gryba,CGY,D,21,0,2,2,4,31,19,0,0,0,0,0,57,19
Matt Grzelcyk,BOS,D,61,3,12,15,21,22,82,0,0,2,0,0,45,42
Radko Gudas,WAS,D,70,2,14,16,0,83,142,0,0,0,0,1,170,123
Erik Gudbranson,PIT,D,52,2,3,5,-7,35,53,0,0,0,0,0,126,81
Jake Guentzel,PIT,LW,82,22,26,48,-9,42,171,1,7,5,0,0,142,46
Brendan Guhle,ANH,D,18,0,5,5,-6,10,37,0,0,0,0,0,10,8
Carl Gunnarsson,STL,D,63,5,4,9,15,22,59,2,0,0,0,0,35,102
Erik Gustafsson,CHI,D,35,5,11,16,1,6,71,0,0,4,0,0,30,45
Calvin de Haan,CHI,D,33,1,11,12,11,8,44,0,0,0,0,0,45,65
Henrik Haapala,FA,LW,5,0,1,1,0,0,3,0,0,0,0,0,5,3
Carl Hagelin,WAS,LW,81,10,21,31,8,28,169,2,0,0,1,1,112,36
Robert Hagg,PHI,D,70,3,6,9,5,32,89,0,0,0,0,0,238,100
Ron Hainsey,OTT,D,80,4,19,23,12,20,73,2,1,0,0,2,91,169
Micheal Haley,NYR,LW,75,3,6,9,-13,212,55,1,0,0,0,0,124,23
Taylor Hall,NJ,LW,76,39,54,93,14,34,278,7,13,24,1,0,72,44
Dan Hamhuis,NSH,D,80,3,21,24,-6,33,66,1,0,2,0,0,82,113
Dougie Hamilton,CAR,D,82,17,27,44,1,64,270,4,6,6,0,0,83,80
Freddie Hamilton,FA,C,16,0,1,1,0,2,12,0,0,0,0,1,35,0
Travis Hamonic,CGY,D,74,1,10,11,-9,79,107,0,0,0,0,0,83,124
Noah Hanifin,CGY,D,79,10,22,32,-20,21,165,3,1,6,0,0,81,69
Joel Hanley,DAL,D,5,0,0,0,0,0,2,0,0,0,0,0,1,4
Markus Hannikainen,CLS,RW,33,3,3,6,-1,6,31,0,0,0,0,1,31,15
Jannik Hansen,FA,RW,46,2,12,14,2,15,54,2,0,0,0,1,38,19
Martin Hanzal,DAL,C,38,5,5,10,-14,23,62,1,2,1,0,0,66,21
Ben Harpur,TOR,D,41,0,1,1,-21,21,26,0,0,0,0,0,71,35
Scott Harrington,CLS,D,32,2,3,5,0,8,28,1,0,0,0,1,35,44
Ryan Hartman,MIN,RW,78,11,20,31,1,72,129,2,1,1,0,0,113,38
Scott Hartnell,FA,LW,62,13,11,24,-3,82,82,2,2,3,0,0,82,25
Garnet Hathaway,WAS,RW,59,4,9,13,3,88,68,0,0,0,1,0,154,32
Erik Haula,CAR,C,76,29,26,55,-16,37,175,4,12,7,0,0,85,42
John Hayden,NJ,C,47,4,9,13,-4,54,56,0,0,0,1,0,118,23
Jimmy Hayes,FA,RW,33,3,6,9,-2,6,37,2,1,0,0,0,50,6
Kevin Hayes,PHI,C,76,25,19,44,1,18,172,4,6,2,2,0,40,36
Dillon Heatherington,DAL,D,6,0,1,1,3,26,6,0,0,0,0,0,7,2
Victor Hedman,TB,D,77,17,46,63,32,54,216,1,2,24,0,2,139,110
Tim Heed,SJ,D,29,3,8,11,0,8,51,2,2,3,0,0,8,35
Danton Heinen,BOS,C,77,16,31,47,10,16,135,4,2,10,1,0,45,33
Darren Helm,DET,C,75,13,18,31,3,39,141,0,0,0,2,2,131,36
Ales Hemsky,FA,RW,7,0,0,0,-1,10,5,0,0,0,0,0,0,2
Matt Hendricks,FA,LW,60,5,8,13,-1,39,56,0,0,0,0,0,123,42
Adam Henrique,ANH,C,81,24,26,50,11,20,151,8,6,7,1,2,61,61
Tomas Hertl,SJ,LW,79,22,24,46,-2,41,175,5,6,6,1,2,84,71
Joe Hicketts,DET,D,5,0,3,3,5,2,2,0,0,1,0,0,9,12
Thomas Hickey,NYI,D,69,5,20,25,20,24,87,0,0,0,0,0,76,110
Matthew Highmore,CHI,C,13,2,0,2,-4,0,27,0,0,0,0,0,9,7
Blake Hillman,FA,D,4,1,0,1,-1,0,5,0,0,0,1,0,5,8
Vinnie Hinostroza,ARI,C,50,7,18,25,5,10,86,1,1,4,0,0,26,17
Nico Hischier,NJ,C,82,20,32,52,10,26,180,2,1,5,0,0,56,39
Niklas Hjalmarsson,ARI,D,48,1,8,9,-3,18,32,0,0,1,0,0,16,118
Josh Ho-Sang,NYI,RW,22,2,10,12,-7,2,18,0,0,1,0,0,3,1
Mike Hoffman,FLA,LW,82,22,34,56,-20,32,257,5,8,13,0,0,31,34
Nick Holden,VGK,D,73,4,13,17,-5,14,80,0,0,3,0,0,136,83
Justin Holl,TOR,D,2,2,0,2,5,0,2,1,0,0,0,0,2,3
Peter Holland,FA,C,23,1,3,4,-10,7,30,0,0,0,0,1,14,12
Philip Holm,CHI,D,1,0,0,0,-2,0,0,0,0,0,0,0,1,0
Korbinian Holzer,ANH,D,16,0,0,0,-3,6,10,0,0,0,0,0,22,14
Julius Honka,DAL,D,42,1,3,4,-1,14,42,0,0,1,0,0,20,28
Patric Hornqvist,PIT,RW,70,29,20,49,2,58,247,1,15,7,0,0,137,64
Bo Horvat,VAN,C,64,22,22,44,-1,10,158,3,10,3,1,0,35,29
Marek Hrivik,FA,LW,3,0,0,0,1,0,2,0,0,0,0,0,4,1
Jonathan Huberdeau,FLA,LW,82,27,42,69,-2,32,204,4,7,12,0,0,41,42
Charles Hudon,MON,LW,72,10,20,30,-12,38,179,1,3,5,0,1,126,38
Brad Hunt,MIN,D,45,3,15,18,-5,6,80,0,2,10,0,0,19,36
Dryden Hunt,FLA,LW,11,0,1,1,-5,2,12,0,0,0,0,0,22,4
Matt Hunwick,BUF,D,42,4,6,10,-4,21,52,1,0,0,1,0,51,53
Ben Hutton,FA,D,61,0,6,6,-9,23,103,0,0,2,0,1,40,68
Tomas Hyka,FA,RW,10,1,2,3,2,0,15,0,0,1,0,0,6,3
Zach Hyman,TOR,RW,82,15,25,40,22,37,148,2,0,0,1,1,117,55
Alex Iafallo,LA,C,75,9,16,25,10,12,129,1,0,2,0,0,53,33
Matt Irwin,NSH,D,50,2,6,8,2,8,62,0,0,0,0,0,78,54
Jaromir Jagr,FA,RW,22,1,6,7,6,10,32,0,0,1,0,0,1,8
Mark Jankowski,CGY,C,72,17,8,25,-7,33,118,3,2,1,2,0,35,51
Mattias Janmark,DAL,C,81,19,15,34,-13,24,136,4,4,1,2,0,15,41
Calle Jarnkrok,NSH,C,68,16,19,35,20,12,105,3,1,3,2,0,36,31
Christian Jaros,OTT,D,2,0,0,0,0,0,0,0,0,0,0,0,4,0
Dmitrij Jaskin,FA,RW,76,6,11,17,6,14,124,0,0,1,0,0,207,46
Boone Jenner,CLS,LW,75,13,19,32,1,39,187,2,2,1,0,0,205,83
Nick Jensen,WAS,D,81,0,15,15,-8,27,107,0,0,1,0,0,71,88
Jakub Jerabek,FA,D,36,2,6,8,-2,6,33,0,0,0,0,0,42,48
Ryan Johansen,NSH,C,79,15,39,54,13,78,129,3,1,14,0,2,87,35
Marcus Johansson,BUF,LW,29,5,9,14,-11,14,42,0,1,2,0,0,8,9
Stephen Johns,DAL,D,75,8,7,15,10,41,121,2,0,0,0,1,201,155
Erik Johnson,COL,D,62,9,16,25,3,58,168,3,0,3,0,1,114,135
Jack Johnson,PIT,D,77,3,8,11,-6,22,88,1,0,0,0,0,101,135
Tyler Johnson,TB,C,81,21,29,50,3,24,186,3,4,9,2,0,48,47
Andreas Johnsson,TOR,LW,9,2,1,3,-2,0,19,0,0,1,0,0,5,5
Ross Johnston,NYI,LW,24,3,3,6,0,62,19,0,0,0,0,0,46,11
Jussi Jokinen,FA,LW,60,5,12,17,2,12,73,1,0,5,0,0,21,22
Seth Jones,CLS,D,78,16,41,57,10,30,249,4,7,17,0,0,92,124
Josh Jooris,FA,C,40,3,3,6,-7,16,50,0,0,0,0,0,51,11
Jacob Josefson,FA,C,39,2,2,4,-4,6,35,0,0,0,0,0,26,33
Roman Josi,NSH,D,75,14,39,53,24,24,253,3,7,13,0,1,80,120
Tyson Jost,COL,C,65,12,10,22,-10,26,113,1,5,3,0,0,33,26
Tomas Jurco,EDM,RW,29,6,4,10,1,12,44,1,0,0,0,0,22,12
Noah Juulsen,MON,D,23,1,2,3,1,4,33,0,0,0,0,0,58,34
Nazem Kadri,COL,C,80,32,23,55,2,42,211,3,12,7,0,0,94,26
Vladislav Kamenev,COL,C,3,0,0,0,-2,0,1,0,0,0,0,0,3,0
David Kampf,CHI,RW,46,4,7,11,-9,12,46,0,0,0,0,0,29,23
Steve Kampfer,BOS,D,22,0,1,1,-7,20,31,0,0,0,0,0,46,41
Evander Kane,SJ,LW,78,29,25,54,-9,82,307,2,3,6,4,0,159,34
Patrick Kane,CHI,RW,82,27,49,76,-20,32,285,4,5,17,0,0,18,14
Kasperi Kapanen,TOR,RW,38,7,2,9,-1,4,55,1,0,0,1,0,57,9
Erik Karlsson,SJ,D,71,9,53,62,-25,36,196,2,3,15,0,1,58,120
Melker Karlsson,SJ,C,71,8,11,19,-5,26,76,1,0,0,1,0,81,69
William Karlsson,VGK,C,82,43,35,78,49,12,184,6,8,8,4,1,48,45
Ondrej Kase,ANH,RW,66,20,18,38,18,14,146,5,1,2,0,0,28,26
Zack Kassian,EDM,RW,74,7,12,19,-8,92,86,0,0,1,0,2,129,9
Duncan Keith,CHI,D,82,2,30,32,-29,28,187,1,2,8,0,0,41,165
Clayton Keller,ARI,C,82,23,42,65,-7,24,212,3,6,14,0,1,7,28
Chris Kelly,FA,RW,12,0,2,2,1,2,5,0,0,0,0,0,7,6
Adrian Kempe,LA,C,81,16,21,37,11,49,119,3,1,4,0,0,91,18
Mario Kempe,LA,LW,18,2,2,4,-1,4,20,0,0,0,0,0,20,11
Michal Kempny,WAS,D,53,3,7,10,14,26,82,0,0,0,0,0,57,82
Nicolas Kerdiles,FA,LW,2,0,0,0,0,0,0,0,0,0,0,0,1,0
Alex Kerfoot,TOR,C,79,19,24,43,-7,28,81,0,5,12,0,0,42,35
Tanner Kero,DAL,LW,8,1,2,3,1,0,7,0,0,0,0,0,3,7
Ryan Kesler,ANH,C,44,8,6,14,-4,46,78,2,2,0,0,0,71,38
Phil Kessel,ARI,RW,82,34,58,92,-4,36,261,6,12,30,0,0,10,17
Jujhar Khaira,EDM,C,69,11,10,21,-7,47,73,2,0,1,1,1,128,39
Alex Killorn,TB,C,82,15,32,47,22,45,156,1,2,7,0,0,82,25
Oscar Klefbom,EDM,D,66,5,16,21,-12,18,203,1,1,5,1,0,49,136
Morgan Klimchuk,OTT,LW,1,0,0,0,0,0,0,0,0,0,0,0,1,0
John Klingberg,DAL,D,82,8,59,67,10,26,204,3,1,22,0,0,44,109
Justin Kloos,ANH,C,1,0,0,0,0,2,0,0,0,0,0,0,0,0
Slater Koekkoek,CHI,D,35,4,4,8,4,18,43,1,0,0,0,0,36,24
Mikko Koivu,MIN,C,82,14,31,45,9,46,170,2,3,11,0,1,51,53
Leo Komarov,NYI,LW,74,7,12,19,0,31,114,0,2,1,1,0,219,48
Travis Konecny,PHI,C,81,24,23,47,17,46,177,6,1,2,0,0,97,53
Anze Kopitar,LA,C,82,35,57,92,21,20,200,6,7,20,0,2,50,64
Kalle Kossila,TOR,C,10,1,1,2,-4,0,9,0,0,0,0,0,7,4
Chris Kreider,NYR,LW,58,16,21,37,-2,44,137,0,7,5,0,0,103,24
David Krejci,BOS,C,64,17,27,44,10,18,119,2,7,6,0,0,31,35
Niklas Kronwall,FA,D,79,4,23,27,-14,36,76,0,2,13,0,0,82,107
Torey Krug,BOS,D,76,14,45,59,0,36,197,4,5,19,1,0,79,73
Marcus Kruger,FA,C,48,1,5,6,-6,28,30,0,0,0,0,0,56,16
Nikita Kucherov,TB,RW,80,39,61,100,15,42,279,7,8,28,0,0,31,15
Tom Kuhnhackl,NYI,RW,69,2,6,8,-6,6,63,1,0,1,0,1,139,50
Dean Kukan,CLS,D,11,0,4,4,2,2,12,0,0,0,0,0,2,10
Brett Kulak,MON,D,71,2,6,8,-3,27,73,0,0,0,0,0,45,49
Nikolay Kulemin,FA,RW,13,1,2,3,0,0,7,0,0,0,0,0,16,15
Dmitry Kulikov,WPG,D,62,3,8,11,6,22,48,1,0,0,0,0,69,78
Luke Kunin,MIN,C,19,2,2,4,-3,13,32,0,0,0,1,0,34,8
Chris Kunitz,FA,LW,82,13,16,29,8,35,81,2,0,1,1,0,131,30
Janne Kuokkanen,CAR,LW,4,0,0,0,-3,0,6,0,0,0,0,0,1,1
Sean Kuraly,BOS,C,75,6,8,14,-5,40,134,1,0,0,0,1,143,22
Evgeny Kuznetsov,WAS,C,79,27,56,83,3,48,187,8,7,23,1,0,50,26
Kevin Labanc,SJ,RW,77,11,29,40,-6,32,156,3,4,13,0,0,31,23
Andrew Ladd,NYI,LW,73,12,17,29,11,24,112,2,0,1,1,1,76,40
Paul LaDue,LA,D,12,3,1,4,5,6,13,2,1,0,0,0,12,11
Brooks Laich,FA,C,12,0,1,1,-5,6,10,0,0,0,0,0,22,5
Patrik Laine,WPG,RW,82,44,26,70,8,24,241,8,20,11,0,0,74,43
Gabriel Landeskog,COL,LW,78,25,37,62,16,37,183,1,8,9,0,1,149,51
Nick Lappin,STL,RW,6,1,0,1,2,4,7,0,0,0,0,0,8,2
Dylan Larkin,DET,C,82,16,47,63,-9,61,232,4,1,7,2,1,76,42
Adam Larsson,EDM,D,63,4,9,13,10,34,92,1,0,0,0,0,239,140
Johan Larsson,BUF,C,80,4,13,17,-30,49,86,0,0,0,1,1,117,47
Brian Lashoff,DET,D,1,0,0,0,0,0,0,0,0,0,0,0,0,0
Scott Laughton,PHI,C,81,10,10,20,-10,42,108,0,0,0,1,0,126,27
Curtis Lazar,BUF,C,65,2,10,12,-8,23,65,1,0,0,0,0,130,26
Nick Leddy,NYI,D,80,10,32,42,-42,20,153,1,4,10,0,0,95,104
Anders Lee,NYI,C,82,40,22,62,-25,44,208,2,14,8,0,0,102,38
Artturi Lehkonen,MON,LW,66,12,9,21,-11,20,164,3,3,1,1,0,71,23
Jori Lehtera,FA,C,62,3,5,8,-8,14,45,0,0,0,1,0,55,21
Taylor Leier,BUF,LW,39,1,4,5,-7,6,48,0,0,0,0,0,10,19
Brendan Leipsic,WAS,LW,58,5,17,22,-4,14,95,1,0,0,0,0,32,22
Josh Leivo,VAN,LW,16,1,3,4,0,6,25,0,0,0,0,0,2,5
Brendan Lemieux,NYR,LW,9,1,0,1,2,21,6,0,0,0,0,0,12,1
Brett Lernout,VGK,D,18,0,1,1,-5,6,14,0,0,0,0,1,56,18
Kris Letang,PIT,D,79,9,42,51,-9,56,222,1,4,16,0,1,109,108
Mark Letestu,WPG,C,80,9,14,23,-17,10,111,1,3,3,2,1,62,32
Vinni Lettieri,NYR,C,19,1,4,5,-12,0,28,0,0,1,0,0,22,6
Trevor Lewis,LA,C,68,14,12,26,-6,25,134,3,1,2,2,0,125,32
Michael Liambas,MIN,LW,7,0,1,1,0,21,3,0,0,0,0,0,15,1
Oscar Lindberg,FA,C,63,9,2,11,-11,14,81,0,0,0,0,0,72,27
Oskar Lindblom,PHI,LW,23,2,4,6,4,8,36,1,0,1,0,0,27,13
Esa Lindell,DAL,D,80,7,20,27,19,24,137,0,2,6,0,0,92,123
Anton Lindholm,COL,D,48,0,4,4,4,14,22,0,0,0,0,0,99,51
Elias Lindholm,CGY,RW,81,16,28,44,-8,18,153,4,6,3,0,1,98,41
Hampus Lindholm,ANH,D,69,13,18,31,16,34,131,3,3,5,0,0,93,97
Bryan Little,WPG,C,82,16,27,43,2,28,129,2,2,10,0,0,50,33
Ryan Lomberg,CGY,LW,7,0,1,1,0,15,5,0,0,0,0,0,11,1
Ben Lovejoy,FA,D,57,2,6,8,7,25,74,0,0,0,0,1,84,86
Keegan Lowe,EDM,D,2,0,0,0,-1,0,4,0,0,0,0,0,1,1
Adam Lowry,WPG,LW,45,8,13,21,9,8,70,1,1,1,0,0,124,28
Milan Lucic,CGY,LW,82,10,24,34,-12,80,147,1,3,4,0,0,254,25
Olli Maatta,CHI,D,82,7,22,29,-1,28,164,3,0,8,0,0,131,115
Kurtis MacDermid,LA,D,34,1,3,4,-4,57,19,0,0,0,0,0,77,27
Andrew MacDonald,CGY,D,66,6,15,21,8,30,82,2,0,0,0,1,36,131
Derek MacKenzie,FA,C,75,3,11,14,-9,31,86,0,0,0,1,3,124,45
Nathan MacKinnon,COL,C,74,39,58,97,11,55,284,12,12,20,0,1,38,22
Denis Malgin,FLA,C,51,11,11,22,4,6,79,3,1,5,0,0,48,24
Evgeni Malkin,PIT,C,78,42,56,98,16,87,239,7,14,24,0,0,48,32
Brad Malone,EDM,C,7,0,0,0,0,6,9,0,0,0,0,0,19,3
Maxim Mamin,FA,LW,26,3,1,4,2,7,28,1,0,0,0,0,51,9
Andrew Mangiapane,CGY,LW,10,0,0,0,-3,2,7,0,0,0,0,0,9,4
Brandon Manning,EDM,D,65,7,12,19,0,56,111,2,0,1,0,0,113,76
Josh Manson,ANH,D,80,7,30,37,34,62,117,2,0,0,0,1,180,99
Anthony Mantha,DET,RW,80,24,24,48,-1,52,190,2,9,3,0,0,91,36
Brad Marchand,BOS,LW,68,34,51,85,25,63,182,8,8,15,1,3,37,25
Jonathan Marchessault,VGK,LW,77,27,48,75,36,40,268,6,6,10,0,0,99,26
Martin Marincin,TOR,D,2,0,0,0,-2,2,0,0,0,0,0,0,1,4
Patrick Marleau,FA,LW,82,27,20,47,1,16,203,5,5,4,0,0,85,26
Mitch Marner,TOR,C,82,22,47,69,-1,26,194,2,8,19,0,0,31,25
Patrick Maroon,TB,LW,74,17,26,43,1,73,141,4,1,6,0,0,150,14
Danick Martel,TB,C,4,0,0,0,-1,0,6,0,0,0,0,0,2,9
Matt Martin,NYI,LW,50,3,9,12,0,50,46,0,0,0,0,0,147,9
Paul Martin,FA,D,14,0,2,2,3,2,6,0,0,0,0,0,8,17
Alec Martinez,LA,D,77,9,16,25,3,34,111,0,2,9,0,1,100,206
Jordan Martinook,CAR,LW,81,6,9,15,-24,45,112,1,0,0,0,1,128,42
Andreas Martinsen,ANH,LW,9,1,0,1,-1,17,14,0,0,0,0,0,35,4
Mike Matheson,FLA,D,81,10,17,27,-1,61,167,2,1,3,0,1,53,137
Stefan Matteau,CLS,RW,8,0,1,1,0,0,8,0,0,0,0,0,8,1
Auston Matthews,TOR,C,62,34,29,63,25,12,187,5,5,8,0,0,16,61
Shawn Matthias,FA,C,27,1,2,3,-1,10,26,0,0,0,0,0,22,14
Scott Mayfield,NYI,D,47,2,10,12,-6,45,58,0,0,0,0,0,77,73
Charlie McAvoy,BOS,D,63,7,25,32,20,53,77,2,2,5,0,0,133,80
Jake McCabe,BUF,D,53,3,9,12,-11,26,53,0,1,0,0,0,110,79
Jared McCann,PIT,C,68,9,19,28,11,30,143,4,1,0,0,1,43,32
Michael McCarron,MON,C,18,0,1,1,-1,32,15,0,0,0,0,0,61,14
Max McCormick,CAR,LW,30,3,2,5,-5,37,33,0,0,0,0,0,56,8
Ian McCoshen,FLA,D,38,3,1,4,-10,25,26,1,0,0,0,0,71,43
Connor McDavid,EDM,C,82,41,67,108,20,26,274,7,5,15,1,3,28,46
Ryan McDonagh,TB,D,63,4,25,29,8,20,99,0,1,8,0,1,71,163
Brock McGinn,CAR,LW,80,16,14,30,-12,22,159,1,2,1,1,0,137,17
Jamie McGinn,FA,LW,76,13,16,29,-5,33,116,0,4,2,0,0,120,22
Greg McKegg,NYR,C,26,2,2,4,-4,8,21,0,0,0,1,0,19,10
Curtis McKenzie,VGK,LW,7,0,2,2,3,11,11,0,0,0,0,0,8,1
Roland McKeown,CAR,D,10,0,3,3,3,19,7,0,0,0,0,0,3,5
Cody McLeod,FA,LW,48,1,3,4,-11,111,36,0,0,0,0,0,131,19
Brayden McNabb,VGK,D,76,5,10,15,26,52,88,1,0,0,0,0,225,176
Adam McQuaid,FA,D,38,1,3,4,-1,62,39,1,0,0,0,0,80,56
Wade Megan,FA,C,1,0,0,0,0,0,1,0,0,0,0,0,0,0
Jaycob Megna,VGK,D,14,0,1,1,-4,2,7,0,0,0,0,0,6,30
Jayson Megna,COL,LW,1,0,0,0,0,0,0,0,0,0,0,0,0,0
Timo Meier,SJ,LW,81,21,15,36,2,51,210,4,3,1,0,0,105,48
Nicholas Merkley,ARI,C,1,0,0,0,0,2,0,0,0,0,0,0,0,0
Dakota Mermis,NJ,D,9,0,0,0,-2,0,7,0,0,0,0,0,5,6
Jon Merrill,VGK,D,34,1,2,3,7,22,30,1,0,0,0,0,35,42
Victor Mete,MON,D,49,0,7,7,5,4,43,0,0,4,0,0,1,71
Marc Methot,FA,D,36,1,2,3,11,31,25,0,0,0,0,0,77,52
Sonny Milano,CLS,LW,55,14,8,22,-8,10,69,3,0,4,0,0,28,11
Colin Miller,BUF,D,82,10,31,41,-4,53,177,2,5,12,0,1,165,64
J.T. Miller,VAN,C,82,23,35,58,-4,40,143,5,11,7,0,0,124,26
Kevan Miller,BOS,D,68,1,15,16,16,70,64,0,0,0,0,2,164,111
Andrei Mironov,FA,D,10,1,2,3,2,12,3,0,0,0,0,0,19,16
Torrey Mitchell,FA,C,60,6,5,11,-5,30,55,0,0,0,0,1,53,29
Zack Mitchell,FA,RW,23,3,2,5,-2,4,17,1,1,0,0,0,26,10
Casey Mittelstadt,BUF,C,6,1,4,5,1,2,9,0,1,0,0,0,2,2
Sean Monahan,CGY,C,74,31,33,64,3,24,202,11,9,10,0,0,35,17
Brandon Montour,BUF,D,80,9,23,32,16,42,160,5,5,7,1,1,96,83
Dominic Moore,FA,C,50,6,6,12,3,16,46,0,0,0,0,1,41,19
John Moore,BOS,D,81,7,11,18,3,47,141,2,0,2,1,0,135,105
Samuel Morin,PHI,D,2,0,0,0,1,4,1,0,0,0,0,0,7,1
Josh Morrissey,WPG,D,81,7,19,26,15,47,102,0,0,1,0,0,139,168
Joe Morrow,NYR,D,56,6,10,16,-4,26,83,0,1,4,0,0,79,67
Tyler Motte,VAN,C,46,5,2,7,-4,6,64,0,0,0,0,0,93,27
Matt Moulson,WAS,LW,14,0,0,0,-9,2,13,0,0,0,0,0,8,8
Mirco Mueller,NJ,D,28,0,4,4,1,4,19,0,0,0,0,2,15,42
Connor Murphy,CHI,D,76,2,12,14,-3,34,109,0,0,0,0,0,138,101
Ryan Murphy,FA,D,21,2,3,5,8,16,25,0,1,0,0,0,5,19
Trevor Murphy,FA,D,8,1,2,3,5,0,5,0,0,0,0,0,6,9
Ryan Murray,CLS,D,44,1,11,12,4,8,34,0,0,0,0,0,31,75
Jake Muzzin,TOR,D,74,8,34,42,10,40,154,1,4,10,0,1,170,123
Tyler Myers,VAN,D,82,6,30,36,9,48,150,3,3,14,1,0,68,119
Vladislav Namestnikov,NYR,C,81,22,26,48,6,45,155,2,9,7,0,0,79,44
Rick Nash,FA,LW,71,21,13,34,-12,28,230,2,5,2,0,0,51,42
Riley Nash,CLS,C,76,15,26,41,16,18,113,1,2,1,0,0,86,67
James Neal,EDM,RW,71,25,19,44,-11,24,202,6,5,4,0,0,44,30
Martin Necas,CAR,C,1,0,0,0,0,0,0,0,0,0,0,0,0,0
Brock Nelson,NYI,C,82,19,16,35,-4,43,138,3,4,4,0,0,50,52
Casey Nelson,BUF,D,37,3,5,8,-14,8,48,0,0,0,1,1,31,37
Patrik Nemeth,DET,D,68,3,12,15,27,41,73,0,0,0,0,2,66,185
Aaron Ness,FA,D,8,0,1,1,2,8,2,0,0,0,0,0,1,8
Nino Niederreiter,CAR,RW,63,18,14,32,14,36,133,4,7,1,0,0,58,20
Frans Nielsen,DET,C,79,16,17,33,1,14,134,3,4,3,2,1,49,62
Matt Nieto,COL,LW,74,15,11,26,6,14,84,1,0,0,1,0,27,56
Boo Nieves,NYR,C,28,1,8,9,6,12,23,0,0,0,0,0,30,19
Sami Niku,WPG,D,1,1,0,1,0,0,2,0,0,0,0,0,0,3
Matt Niskanen,PHI,D,68,7,22,29,24,36,120,1,0,0,0,1,117,98
Stefan Noesen,DAL,C,72,13,14,27,12,36,127,4,0,0,0,0,112,41
Jordan Nolan,STL,RW,69,4,4,8,-13,69,50,0,0,0,0,0,123,17
Joakim Nordstrom,BOS,C,75,2,5,7,-11,6,97,0,0,0,0,0,107,41
Tomas Nosek,VGK,LW,67,7,8,15,6,14,92,0,0,0,1,1,53,24
Ryan Nugent-Hopkins,EDM,LW,62,24,24,48,10,20,151,2,4,5,2,1,44,39
Darnell Nurse,EDM,D,82,6,20,26,15,67,194,2,0,0,0,0,161,153
Markus Nutivaara,CLS,D,61,7,16,23,13,14,79,1,1,1,0,0,42,40
Alexander Nylander,CHI,RW,3,1,0,1,-3,0,2,0,0,0,0,0,0,0
William Nylander,TOR,C,82,20,41,61,20,10,184,8,5,7,0,0,21,18
Gustav Nyquist,CLS,RW,82,21,19,40,-2,20,213,2,3,5,0,0,65,36
Jim O'Brien,FA,C,10,0,1,1,-1,0,11,0,0,0,0,0,10,5
Liam O'Brien,WAS,C,3,0,0,0,0,5,1,0,0,0,0,0,4,0
Rob O'Gara,STL,D,30,0,3,3,-7,6,21,0,0,0,0,0,42,44
Will O'Neill,FA,D,1,0,0,0,0,0,3,0,0,0,0,0,0,0
Danny O'Regan,NYR,C,21,0,4,4,-2,2,17,0,0,1,0,0,5,6
Cal O'Reilly,PHI,C,1,0,0,0,0,0,1,0,0,0,0,0,0,1
Ryan O'Reilly,STL,C,81,24,37,61,-23,2,230,3,15,8,0,4,42,48
Johnny Oduya,FA,D,52,4,4,8,1,32,59,0,0,0,0,0,50,76
Jordan Oesterle,ARI,D,55,5,10,15,-11,8,99,0,1,2,0,0,62,97
Kyle Okposo,BUF,RW,76,15,29,44,-34,40,161,2,6,15,0,0,70,34
Jamie Oleksiak,DAL,D,68,5,12,17,7,87,81,1,1,0,0,0,174,76
Gustav Olofsson,MON,D,41,0,8,8,0,14,22,0,0,0,0,0,23,44
Dmitry Orlov,WAS,D,82,10,21,31,10,22,125,2,0,4,0,0,128,116
Brooks Orpik,FA,D,81,0,10,10,-9,68,54,0,0,0,0,0,218,168
T.J. Oshie,WAS,RW,74,18,29,47,2,31,127,3,9,9,0,0,124,54
Xavier Ouellet,MON,D,45,0,7,7,-3,6,57,0,0,0,0,0,36,43
Alex Ovechkin,WAS,LW,82,49,38,87,3,32,355,7,17,14,0,0,139,21
Magnus Paajarvi,FA,LW,79,8,4,12,-11,12,126,0,0,0,0,0,104,42
Max Pacioretty,VGK,LW,64,17,20,37,-16,30,212,4,6,9,1,0,118,27
Jean-Gabriel Pageau,OTT,C,78,14,15,29,-14,36,147,2,1,1,1,0,131,69
Iiro Pakarinen,FA,RW,40,2,1,3,1,6,50,0,0,0,0,0,72,17
Ondrej Palat,TB,LW,56,11,24,35,16,6,109,0,4,5,1,0,80,48
Kyle Palmieri,NJ,RW,62,24,20,44,-1,30,181,5,11,12,0,0,94,50
Artemi Panarin,NYR,LW,81,27,55,82,23,26,228,5,7,14,0,0,15,19
Richard Panik,WAS,RW,72,14,21,35,7,38,136,0,4,2,0,0,137,37
Cedric Paquette,TB,C,56,5,4,9,-5,41,64,2,0,1,0,0,112,32
Colton Parayko,STL,D,82,6,29,35,-7,13,212,0,2,7,0,0,120,141
Zach Parise,MIN,LW,42,15,9,24,0,14,119,4,2,1,0,0,26,37
David Pastrnak,BOS,RW,82,35,45,80,10,37,246,5,13,13,0,0,55,31
Greg Pateryn,MIN,D,73,1,12,13,6,50,100,0,0,0,0,0,155,148
Nolan Patrick,PHI,C,73,13,17,30,1,30,127,2,5,3,0,0,48,19
Nick Paul,OTT,LW,11,1,0,1,-4,0,11,0,0,0,0,0,16,4
Joe Pavelski,DAL,C,82,22,44,66,0,41,224,1,7,16,0,0,93,70
Tanner Pearson,VAN,LW,82,15,25,40,11,27,180,4,2,3,0,0,116,36
Matthew Peca,MON,C,10,2,3,5,6,0,17,0,0,0,0,0,11,8
Adam Pelech,NYI,D,78,3,16,19,7,28,106,1,0,2,0,1,100,142
Anthony Peluso,EDM,RW,2,0,0,0,0,4,0,0,0,0,0,0,4,0
Brendan Perlini,CHI,LW,74,17,13,30,-2,28,129,1,5,6,0,0,83,34
Mathieu Perreault,WPG,C,70,17,22,39,4,38,139,2,6,8,0,1,120,25
David Perron,STL,RW,70,16,50,66,1,50,125,4,1,17,0,0,118,20
Corey Perry,DAL,RW,71,17,32,49,-4,71,168,1,4,7,0,0,59,36
Brett Pesce,CAR,D,65,3,16,19,-6,18,88,1,0,0,0,0,57,101
Nicolas Petan,TOR,C,15,2,0,2,0,6,16,1,0,0,0,0,4,4
Alex Petrovic,BOS,D,67,2,11,13,-2,98,60,1,0,0,0,0,142,74
Jeff Petry,MON,D,82,12,30,42,-30,28,178,2,6,17,0,0,167,138
Marcus Pettersson,PIT,D,22,1,3,4,5,6,16,0,0,1,0,0,18,27
Dion Phaneuf,FA,D,79,6,20,26,-15,49,134,0,4,7,0,0,161,154
Blake Pietila,ANH,LW,2,0,0,0,0,0,1,0,0,0,0,0,5,0
Alex Pietrangelo,STL,D,78,15,39,54,8,22,216,5,3,10,0,1,48,164
Neal Pionk,WPG,D,28,1,13,14,-1,12,54,0,0,5,0,0,49,41
Brandon Pirri,VGK,C,2,3,0,3,3,0,11,0,0,0,0,0,2,0
Tyler Pitlick,PHI,C,80,14,13,27,9,34,129,2,0,0,0,1,122,57
Tomas Plekanec,FA,C,77,6,20,26,1,45,144,1,0,0,0,0,61,41
Brayden Point,TB,C,82,32,34,66,18,24,217,12,5,6,3,2,26,57
Roman Polak,DAL,D,54,2,10,12,5,46,47,0,0,0,0,0,131,84
Jason Pominville,FA,RW,82,16,18,34,-17,8,168,1,5,2,0,0,39,35
Tucker Poolman,WPG,D,24,1,1,2,2,0,27,0,0,0,0,0,20,18
Paul Postma,FA,D,14,0,1,1,-2,2,14,0,0,0,0,0,13,10
Benoit Pouliot,FA,LW,74,13,6,19,-8,22,83,4,1,0,2,0,69,34
Derrick Pouliot,STL,D,71,3,19,22,-22,39,78,3,1,8,0,1,79,118
Shane Prince,FA,LW,14,1,1,2,-3,11,20,0,0,0,0,0,10,3
Nate Prosser,PHI,D,57,3,6,9,8,19,27,1,0,0,1,0,60,84
Dalton Prout,SJ,D,4,0,0,0,-2,13,5,0,0,0,0,0,7,3
Ivan Provorov,PHI,D,82,17,24,41,17,20,203,2,2,3,0,0,148,169
Jesse Puljujarvi,FA,RW,65,12,8,20,-1,14,136,2,2,0,0,0,67,23
Ryan Pulock,NYI,D,68,10,22,32,-4,14,184,0,5,6,0,0,113,86
Tom Pyatt,FA,C,81,7,15,22,-12,10,103,2,0,0,1,1,55,93
Mark Pysyk,FLA,D,82,3,13,16,-8,20,106,0,0,0,0,0,102,123
John Quenneville,CHI,C,2,0,0,0,-3,0,5,0,0,0,0,0,4,0
Kyle Quincey,FA,D,18,0,3,3,-4,28,11,0,0,0,0,0,21,18
Alan Quine,CGY,C,21,0,3,3,-2,4,15,0,0,0,0,0,32,9
Alexander Radulov,DAL,RW,82,27,45,72,4,72,217,4,7,16,0,0,77,64
Michael Raffl,PHI,LW,76,13,9,22,9,28,96,3,1,0,0,0,90,50
Rickard Rakell,ANH,C,77,34,35,69,6,14,230,3,8,10,0,0,115,30
Mikko Rantanen,COL,RW,81,29,55,84,0,34,178,3,12,23,0,0,32,40
Victor Rask,MIN,C,71,14,17,31,0,12,126,3,4,7,0,0,62,29
Dennis Rasmussen,FA,RW,27,1,3,4,4,8,19,0,0,0,0,0,31,15
Ty Rattie,FA,RW,14,5,4,9,1,2,32,1,0,0,0,0,11,4
Kyle Rau,MIN,C,3,0,1,1,0,0,4,0,0,0,0,0,7,0
Matt Read,TOR,RW,19,1,0,1,-2,2,16,0,0,0,0,0,21,11
Ryan Reaves,VGK,RW,79,4,6,10,-7,94,42,1,0,0,0,0,236,27
Zach Redmond,BUF,D,3,0,0,0,1,2,7,0,0,0,0,0,4,2
Mike Reilly,MON,D,57,2,16,18,-5,26,65,0,0,6,0,0,41,37
Sam Reinhart,BUF,C,82,25,25,50,-24,26,188,5,12,9,0,0,48,42
Mitch Reinke,STL,D,1,0,0,0,0,0,1,0,0,0,0,0,0,2
Brad Richardson,ARI,C,76,3,12,15,-24,45,105,0,0,0,0,0,72,52
Tobias Rieder,CGY,RW,78,12,13,25,-12,6,114,0,2,1,0,0,96,41
Morgan Rielly,TOR,D,76,6,46,52,-4,14,182,0,1,24,0,0,48,84
James van Riemsdyk,PHI,LW,81,36,18,54,1,30,248,5,11,9,0,0,40,23
Trevor van Riemsdyk,CAR,D,79,3,13,16,9,20,111,1,0,0,0,0,25,113
Zac Rinaldo,CGY,C,53,5,2,7,-7,44,56,0,0,0,0,0,188,23
Rasmus Ristolainen,BUF,D,73,6,35,41,-25,48,182,1,1,22,0,0,206,111
Brett Ritchie,BOS,RW,71,7,7,14,1,42,117,0,2,1,0,0,172,10
Nick Ritchie,ANH,LW,76,10,17,27,3,72,122,2,1,2,0,0,221,27
Eric Robinson,CLS,LW,1,0,0,0,1,0,2,0,0,0,0,0,0,0
Jack Rodewald,OTT,RW,4,0,0,0,-1,2,0,0,0,0,0,0,5,2
Evan Rodrigues,BUF,C,48,7,18,25,-10,14,91,0,1,5,0,0,19,23
Kevin Rooney,NJ,C,1,0,0,0,0,0,3,0,0,0,0,0,2,0
Jacob De La Rose,DET,C,55,4,8,12,-2,29,53,0,0,0,1,0,127,36
Calle Rosen,COL,D,4,0,1,1,-3,4,5,0,0,0,0,0,1,0
Jack Roslovic,WPG,RW,31,5,9,14,5,2,38,1,0,0,0,0,20,9
Antoine Roussel,VAN,LW,73,5,12,17,1,126,85,0,0,0,0,0,104,42
Carter Rowney,ANH,C,44,2,3,5,-13,4,21,0,0,0,1,0,74,24
Kevin Roy,FLA,C,25,6,1,7,3,6,26,1,1,0,0,0,11,7
Nicolas Roy,VGK,C,1,0,0,0,-1,0,1,0,0,0,0,0,2,0
Chad Ruhwedel,PIT,D,44,2,3,5,-8,16,67,0,0,0,0,0,67,43
Kris Russell,EDM,D,78,4,17,21,-7,8,90,0,0,2,0,0,97,223
Bryan Rust,PIT,RW,69,13,25,38,11,26,123,3,2,2,2,1,97,40
Jan Rutta,TB,D,57,6,14,20,-1,24,71,1,2,2,0,1,24,64
Bobby Ryan,OTT,RW,62,11,22,33,-12,14,112,1,1,3,0,0,97,52
Derek Ryan,CGY,C,80,15,23,38,-15,28,135,1,3,4,0,0,52,27
Joakim Ryan,LA,D,62,3,9,12,13,8,79,1,0,0,0,1,33,98
Kerby Rychel,FA,LW,4,1,1,2,-2,2,7,0,0,0,0,0,13,2
Brandon Saad,CHI,LW,82,18,17,35,-10,14,237,8,1,0,0,0,29,32
Miikka Salomaki,NSH,RW,58,2,6,8,-8,34,51,0,0,0,0,0,114,35
Travis Sanheim,PHI,D,49,2,8,10,-6,20,72,0,0,0,0,0,27,35
Steve Santini,NSH,D,36,2,8,10,0,21,56,0,0,0,0,1,113,73
Ashton Sautner,VAN,D,5,0,2,2,4,2,3,0,0,0,0,0,9,5
David Savard,CLS,D,81,4,12,16,2,32,145,0,0,0,0,1,144,143
Luca Sbisa,NYI,D,30,2,12,14,8,15,26,0,0,0,0,1,50,54
Marco Scandella,BUF,D,82,5,17,22,-15,37,138,1,0,4,0,1,91,114
Colton Sceviour,FLA,RW,76,11,13,24,6,24,141,2,0,0,1,2,84,69
Tim Schaller,VAN,C,82,12,10,22,-5,42,133,0,0,0,3,0,132,59
Mark Scheifele,WPG,C,60,23,37,60,19,18,125,3,8,8,2,1,57,31
Brayden Schenn,STL,LW,82,28,42,70,10,56,210,8,8,11,0,0,154,37
Luke Schenn,TB,D,64,1,6,7,-12,35,59,1,0,0,0,0,219,105
Nikita Scherbak,FA,RW,26,4,2,6,-5,8,39,0,1,2,1,0,18,15
David Schlemko,FA,D,37,1,4,5,3,6,38,1,0,2,0,0,33,72
Jordan Schmaltz,TOR,D,13,0,1,1,0,6,5,0,0,0,0,0,4,12
Nick Schmaltz,ARI,RW,78,21,31,52,1,18,118,2,4,9,0,2,13,39
Nate Schmidt,VGK,D,76,5,31,36,19,16,103,1,1,10,0,0,41,121
Jordan Schroeder,FA,C,21,1,1,2,-4,4,20,0,0,0,0,0,14,2
Justin Schultz,PIT,D,63,4,23,27,22,14,109,1,0,10,0,0,36,93
Jaden Schwartz,STL,LW,62,24,35,59,15,26,157,3,6,5,1,0,52,30
Brent Seabrook,CHI,D,81,7,19,26,-3,38,136,0,2,6,0,0,85,170
Daniel Sedin,FA,LW,81,23,32,55,-21,40,189,5,9,14,0,0,38,2
Henrik Sedin,FA,C,82,3,47,50,-22,30,67,0,0,17,0,0,18,19
Lukas Sedlak,FA,C,53,4,4,8,-3,21,50,0,0,0,0,0,77,26
Nick Seeler,MIN,D,22,0,4,4,10,21,17,0,0,0,0,0,20,25
Tyler Seguin,DAL,C,82,40,38,78,12,43,335,6,14,11,1,1,74,44
Dennis Seidenberg,FA,D,28,0,5,5,-9,17,31,0,0,0,0,0,65,43
Andrej Sekera,DAL,D,36,0,8,8,-15,6,36,0,0,2,0,0,27,42
Mikhail Sergachev,TB,D,79,9,31,40,11,38,141,5,3,13,0,0,90,64
Damon Severson,NJ,D,76,9,15,24,-8,42,121,2,0,4,0,0,107,62
Ben Sexton,PIT,C,2,0,0,0,-1,0,1,0,0,0,0,0,6,0
Patrick Sharp,FA,LW,70,10,11,21,-16,14,143,1,0,4,0,0,46,25
Kevin Shattenkirk,TB,D,46,5,18,23,-14,44,94,1,2,10,0,0,44,65
Andrew Shaw,CHI,C,51,10,10,20,-8,53,94,0,5,2,0,0,80,26
Logan Shaw,WPG,RW,72,4,10,14,-6,12,105,1,0,0,0,1,110,46
Riley Sheahan,EDM,C,81,11,21,32,4,8,109,1,1,1,0,1,52,50
Conor Sheary,BUF,LW,79,18,12,30,2,10,142,4,2,1,0,0,29,31
Vadim Shipachyov,FA,C,3,1,0,1,3,2,3,1,0,0,0,0,1,0
Devin Shore,ANH,C,82,11,21,32,-30,14,123,1,2,9,1,1,71,57
Nick Shore,TOR,C,64,5,14,19,-3,16,74,1,0,1,0,0,55,20
Patrick Sieloff,ANH,D,1,1,0,1,-2,0,3,0,0,0,0,0,1,1
Duncan Siemens,FA,D,16,1,1,2,-5,23,14,0,0,0,0,0,22,21
Dylan Sikura,CHI,LW,5,0,3,3,2,0,9,0,0,0,0,0,0,2
Jakob Silfverberg,ANH,RW,77,17,23,40,6,18,187,2,2,6,1,1,52,61
Wayne Simmonds,NJ,RW,75,24,22,46,-16,57,176,5,11,6,1,0,129,54
Dominik Simon,PIT,C,33,4,8,12,2,16,36,0,0,0,0,0,37,18
Colton Sissons,NSH,RW,81,9,18,27,2,42,120,4,1,6,0,3,136,49
Jeff Skinner,BUF,LW,82,24,25,49,-27,34,277,2,4,5,0,0,35,24
Brady Skjei,NYR,D,82,4,21,25,-27,39,153,1,0,6,1,0,127,119
Jaccob Slavin,CAR,D,82,8,22,30,1,10,154,1,1,1,0,0,47,154
Anton Slepyshev,EDM,LW,50,6,6,12,-4,8,73,0,0,0,0,0,61,18
Brendan Smith,NYR,D,44,1,7,8,2,69,66,0,0,1,0,0,58,37
Craig Smith,NSH,RW,79,25,26,51,20,24,229,2,9,5,0,0,60,35
Gemel Smith,TB,C,46,6,5,11,5,17,42,0,0,0,0,0,33,13
Reilly Smith,VGK,RW,67,22,38,60,31,24,162,4,7,7,1,1,40,24
Zack Smith,CHI,C,68,5,14,19,-32,54,124,1,0,3,0,1,90,29
Devante Smith-Pelly,CGY,RW,75,7,9,16,-6,38,103,1,0,0,0,0,151,62
Vladimir Sobotka,BUF,C,81,11,20,31,-6,50,136,4,0,3,1,0,127,45
Carl Soderberg,ARI,C,77,16,21,37,0,26,150,3,3,2,0,1,71,64
Marcus Sorensen,SJ,RW,32,5,2,7,-5,5,25,1,0,0,0,0,26,15
Nikita Soshnikov,FA,LW,15,1,1,2,-2,4,17,0,0,0,0,0,24,2
Carson Soucy,MIN,D,3,0,0,0,-2,2,4,0,0,0,0,0,4,3
Jason Spezza,TOR,C,78,8,18,26,-12,12,138,3,4,7,0,0,16,26
Ryan Spooner,FA,C,59,13,28,41,6,4,107,3,1,6,0,0,66,16
Daniel Sprong,ANH,RW,8,2,1,3,2,0,22,1,0,0,0,0,9,4
Ryan Sproul,FA,D,16,1,4,5,-6,6,15,0,0,1,0,0,6,17
Jared Spurgeon,MIN,D,61,9,28,37,-6,8,110,2,3,10,0,0,64,127
Eric Staal,MIN,C,82,42,34,76,8,42,241,4,11,6,2,1,42,49
Jordan Staal,CAR,C,79,19,27,46,-4,26,160,2,4,8,2,0,181,32
Marc Staal,NYR,D,72,1,7,8,11,18,68,0,0,0,0,0,76,96
Drew Stafford,MIN,RW,59,8,7,15,-20,10,102,1,4,1,0,0,77,15
Matt Stajan,FA,C,68,4,8,12,4,28,65,1,0,0,0,0,74,31
Steven Stamkos,TB,C,78,27,59,86,18,72,212,1,15,18,0,0,61,35
Paul Stastny,VGK,C,82,16,37,53,1,18,159,3,3,6,0,1,43,38
Troy Stecher,VAN,D,68,1,10,11,-7,35,94,0,0,1,0,1,111,75
Alexander Steen,STL,LW,76,15,31,46,-11,20,168,2,4,10,1,0,53,58
Lee Stempniak,FA,RW,37,3,6,9,-8,4,41,0,1,0,0,0,40,11
Derek Stepan,ARI,C,82,14,42,56,-7,26,209,2,3,15,2,0,52,54
Chandler Stephenson,WAS,RW,67,6,12,18,13,8,36,0,0,0,0,0,26,33
Chris Stewart,PHI,RW,54,10,6,16,-5,27,68,1,1,0,0,0,48,14
Mark Stone,VGK,RW,58,20,42,62,9,10,132,3,1,10,1,1,53,39
Michael Stone,CGY,D,82,3,7,10,-11,28,98,0,0,1,0,0,106,158
Anton Stralman,FLA,D,80,4,14,18,29,18,131,0,0,0,0,0,104,100
Mark Streit,FA,D,2,0,0,0,-2,0,3,0,0,0,0,0,2,0
Dylan Strome,CHI,C,21,4,5,9,4,8,30,0,1,0,0,0,7,12
Ryan Strome,NYR,C,82,13,21,34,-4,33,147,3,2,4,0,1,43,17
P.K. Subban,NJ,D,82,16,43,59,18,82,207,2,5,20,0,1,111,90
Oskar Sundqvist,STL,C,42,1,4,5,-5,14,41,0,0,0,0,0,47,14
Andrej Sustr,FA,D,44,2,5,7,-5,18,45,0,0,0,0,0,9,33
Ryan Suter,MIN,D,78,6,45,51,-1,34,149,2,1,22,0,1,78,138
Brandon Sutter,VAN,C,61,11,15,26,8,8,106,1,0,0,0,4,55,32
Evgeny Svechnikov,DET,LW,14,2,2,4,-2,8,15,0,0,0,0,0,15,6
Jordan Szwarz,OTT,RW,12,0,3,3,-4,2,19,0,0,1,0,0,9,8
Brandon Tanev,PIT,LW,61,8,10,18,13,18,79,1,0,0,3,0,188,56
Chris Tanev,VAN,D,42,2,9,11,7,8,31,0,0,0,0,2,21,70
Vladimir Tarasenko,STL,RW,80,33,33,66,15,17,306,5,6,10,0,0,89,37
Tomas Tatar,MON,LW,82,20,14,34,-19,34,174,4,9,4,0,0,67,29
John Tavares,TOR,C,82,37,47,84,-12,26,257,3,12,18,2,1,30,34
Matt Tennyson,NJ,D,15,0,0,0,-8,8,25,0,0,0,0,0,13,11
Teuvo Teravainen,CAR,C,82,23,41,64,8,14,185,3,5,15,0,0,26,22
Troy Terry,ANH,C,2,0,0,0,0,0,3,0,0,0,0,0,0,2
Shea Theodore,VGK,D,61,6,23,29,5,14,144,1,1,8,0,0,29,70
Nate Thompson,MON,C,69,5,12,17,-1,20,53,0,0,0,1,0,122,39
Tage Thompson,BUF,RW,41,3,6,9,-12,12,55,0,0,1,0,0,39,9
Chris Thorburn,FA,RW,50,1,6,7,-4,60,35,0,0,0,0,0,99,16
Joe Thornton,SJ,C,47,13,23,36,-9,38,75,1,7,11,0,0,32,18
Chris Tierney,OTT,C,82,17,23,40,0,8,118,2,3,4,2,2,26,45
Owen Tippett,FLA,RW,7,1,0,1,-6,0,17,0,0,0,0,0,3,4
Matthew Tkachuk,CGY,LW,68,24,25,49,-1,61,188,2,10,7,0,0,80,16
Jonathan Toews,CHI,C,74,20,32,52,-1,47,211,2,2,10,0,0,32,24
Tyler Toffoli,LA,RW,82,24,23,47,9,16,251,6,6,6,0,0,75,17
Eeli Tolvanen,NSH,LW,3,0,0,0,0,0,3,0,0,0,0,0,2,1
Dominic Toninato,FLA,LW,37,0,2,2,0,12,25,0,0,0,0,0,24,14
Vincent Trocheck,FLA,C,82,31,44,75,-9,54,287,5,13,14,3,1,145,55
Zach Trotman,PIT,D,3,0,0,0,-3,0,6,0,0,0,0,0,1,2
Jacob Trouba,NYR,D,55,3,21,24,9,34,144,2,0,3,0,1,84,100
Alex Tuch,VGK,RW,78,15,22,37,3,27,171,4,4,6,0,0,99,42
Dominic Turgeon,DET,C,5,0,0,0,-2,2,3,0,0,0,0,0,3,8
Kyle Turris,NSH,C,76,16,35,51,19,26,145,0,7,14,0,0,21,35
Scottie Upshall,DAL,LW,63,7,12,19,-1,46,71,2,0,0,0,0,119,24
Rinat Valiev,CGY,D,2,0,0,0,0,2,2,0,0,0,0,0,0,2
Curtis Valk,FA,C,1,0,0,0,0,0,0,0,0,0,0,0,1,0
Thomas Vanek,FA,LW,80,24,32,56,-3,36,168,1,4,11,0,0,36,18
Sami Vatanen,NJ,D,72,4,28,32,-7,40,145,0,1,12,0,1,92,105
Frank Vatrano,FLA,LW,41,7,3,10,3,34,72,0,0,0,0,0,51,15
Antoine Vermette,FA,C,64,8,8,16,-5,34,91,2,2,0,0,1,38,40
Kris Versteeg,CHI,LW,24,3,5,8,-8,6,49,1,1,4,0,0,6,6
Jimmy Vesey,BUF,LW,79,17,11,28,-18,20,136,4,1,2,0,0,83,34
Jake Virtanen,VAN,LW,75,10,10,20,-11,46,130,1,0,0,0,0,156,29
Marc-Edouard Vlasic,SJ,D,81,11,21,32,9,34,161,2,1,2,0,1,26,174
Jakub Voracek,PHI,LW,82,20,65,85,10,50,228,3,5,30,0,0,23,32
Jakub Vrana,WAS,RW,73,13,14,27,2,12,133,2,1,2,0,0,31,16
Radim Vrbata,FA,RW,42,5,9,14,-7,16,88,0,2,2,0,0,15,16
Chris Wagner,BOS,RW,79,7,9,16,-10,37,93,0,1,2,2,0,253,49
Nathan Walker,STL,C,9,1,0,1,0,6,6,0,0,0,0,0,18,1
Lucas Wallmark,CAR,C,11,1,0,1,-4,2,16,0,0,0,0,0,13,1
Joel Ward,FA,RW,52,5,7,12,-2,20,40,2,0,0,0,0,35,27
David Warsofsky,FA,D,16,0,5,5,4,0,18,0,0,0,0,0,1,22
Austin Watson,NSH,LW,76,14,5,19,2,123,96,3,0,0,4,1,187,78
Jordan Weal,MON,C,69,8,13,21,-10,12,102,1,3,0,0,0,17,25
Shea Weber,MON,D,26,6,10,16,-8,14,75,1,2,3,0,1,66,59
Yannick Weber,NSH,D,47,2,3,5,2,16,40,0,0,0,0,0,47,35
MacKenzie Weegar,FLA,D,60,2,6,8,5,32,58,0,0,0,0,0,108,69
Dale Weise,MON,RW,46,4,4,8,-7,21,44,0,0,0,0,0,77,14
Andy Welinski,PHI,D,7,0,2,2,-1,0,6,0,0,0,0,0,4,8
Alexander Wennberg,CLS,C,66,8,27,35,22,12,74,2,3,2,0,1,28,46
Zach Werenski,CLS,D,77,16,21,37,8,16,207,3,3,7,0,0,58,92
Blake Wheeler,WPG,RW,81,23,68,91,13,52,246,2,6,34,0,2,94,66
Colin White,OTT,C,21,2,4,6,1,8,24,1,0,0,0,0,12,15
Zach Whitecloud,VGK,D,1,0,0,0,3,0,0,0,0,0,0,0,0,1
Chris Wideman,ANH,D,16,3,5,8,5,6,24,0,2,0,0,0,17,9
Justin Williams,FA,RW,82,16,35,51,-9,56,198,2,2,10,0,0,79,42
Colin Wilson,COL,LW,56,6,12,18,-5,6,75,1,1,5,0,0,38,23
Scott Wilson,BUF,LW,69,6,8,14,-20,8,98,0,0,1,0,0,128,33
Tom Wilson,WAS,RW,78,14,21,35,10,187,123,1,0,1,1,0,250,51
Tommy Wingels,FA,RW,75,9,8,17,-11,45,86,1,1,0,2,0,179,41
Daniel Winnik,FA,LW,81,6,17,23,5,27,82,0,0,1,0,0,27,53
Luke Witkowski,TB,D,31,1,3,4,-1,68,16,0,0,0,0,0,57,11
Christian Wolanin,OTT,D,10,1,2,3,-4,0,14,0,0,0,0,0,5,5
Miles Wood,NJ,LW,76,19,13,32,-6,84,170,2,3,0,0,0,75,22
Nail Yakupov,FA,RW,58,9,7,16,2,26,94,1,3,1,0,0,60,9
Kailer Yamamoto,EDM,LW,9,0,3,3,-2,2,23,0,0,1,0,0,6,3
Keith Yandle,FLA,D,82,8,48,56,7,35,179,1,1,17,0,2,26,101
Pavel Zacha,NJ,C,69,8,17,25,-3,30,112,0,2,3,1,0,70,22
Nikita Zadorov,COL,D,77,7,13,20,4,103,94,1,0,1,0,0,278,106
Nikita Zaitsev,OTT,D,60,5,8,13,8,31,54,1,0,0,0,0,113,134
Travis Zajac,NJ,C,63,12,14,26,-8,25,91,0,2,4,1,1,64,38
Henrik Zetterberg,DET,LW,82,11,45,56,1,14,180,2,1,17,0,0,49,34
Mika Zibanejad,NYR,C,72,27,20,47,-23,14,212,4,14,7,0,1,92,64
Michael Del Zotto,ANH,D,82,6,16,22,-8,48,128,0,0,5,0,0,244,127
Mats Zuccarello,MIN,RW,80,16,37,53,-10,36,178,3,1,16,0,0,62,67
Jason Zucker,MIN,LW,82,33,31,64,8,44,222,7,7,9,1,1,80,47
Valentin Zykov,VGK,RW,10,3,4,7,4,2,18,1,0,0,0,0,3,1